<?xml version="1.0" encoding="utf-8"?>
<extension type="plugin" group="system" method="upgrade">
	<name>PLG_SYSTEM_INSERTWHATWHEREGHSVS</name>
	<author>G@HService Berlin Neukölln, Volkmar Volli Schlothauer</author>
	<creationDate>2020-09-15</creationDate>
	<copyright>(C) 2020, G@HService Berlin Neukölln, Volkmar Volli Schlothauer.</copyright>
	<license>GNU General Public License version 3 or later; see LICENSE.txt.</license>
	<authorUrl>https://ghsvs.de</authorUrl>
	<version>2023.07.22</version>
	<description>PLG_SYSTEM_INSERTWHATWHEREGHSVS_XML_DESCRIPTION</description>

	<updateservers>
		<server type="extension" priority="1" name="PLG_SYSTEM_INSERTWHATWHEREGHSVS">https://raw.githubusercontent.com/GHSVS-de/upadateservers/master/plg_system_insertwhatwhereghsvs-update.xml</server>
	</updateservers>

	<infourl>https://github.com/GHSVS-de/plg_system_insertwhatwhereghsvs/releases/tag/2023.07.22</infourl>

	<scriptfile>installerScript.php</scriptfile>
	<minimumPhp>7.4.0</minimumPhp>
	<maximumPhp>8.9999.9999</maximumPhp>
	<minimumJoomla>3.10.4</minimumJoomla>
	<maximumJoomla>4.9999.9999</maximumJoomla>
	<allowDowngrades>1</allowDowngrades>

	<files>
		<filename plugin="insertwhatwhereghsvs">insertwhatwhereghsvs.php</filename>
		<filename>installerScript.php</filename>
		<filename>LICENSE.txt</filename>
		<folder>language</folder>
	</files>
	<namespace path="src">GHSVS\Plugin\System\insertwhatwhereGhsvs</namespace>
	<config>
		<fields name="params">

			<fieldset name="basic">
				<field type="hidden" default="1" name="insertwhatwhereghsvsplugin" />
			</fieldset>

			<fieldset name="insertWhat" label="Insert what?">

				<field name="insertWhatSpacer" type="note" class="alert alert-info"
					label="PLG_SYSTEM_INSERTWHATWHEREGHSVS_INSERTWHAT"
					description="PLG_SYSTEM_INSERTWHATWHEREGHSVS_INSERTWHAT_DESC"/>

				<field name="insertWhat" type="textarea" default=""
					class="input-xxlarge"
					filter="JComponentHelper::filterText"
					label="PLG_SYSTEM_INSERTWHATWHEREGHSVS_INSERTWHAT" />

				<field name="insertWhere" type="list" default="0" filter="string"
					label="PLG_SYSTEM_INSERTWHATWHEREGHSVS_INSERTWHERE">
					<option value="0">JNONE</option>
					<option value="afterHead">PLG_SYSTEM_INSERTWHATWHEREGHSVS_OPTION_AFTERHEAD</option>
					<option value="before/head">PLG_SYSTEM_INSERTWHATWHEREGHSVS_OPTION_BEFORE_HEAD</option>
					<option value="afterBody">PLG_SYSTEM_INSERTWHATWHEREGHSVS_OPTION_AFTERBODY</option>
					<option value="before/body">PLG_SYSTEM_INSERTWHATWHEREGHSVS_OPTION_BEFORE_BODY</option>
					<option value="after/body">PLG_SYSTEM_INSERTWHATWHEREGHSVS_OPTION_AFTER_BODY</option>
					<option value="before/html">PLG_SYSTEM_INSERTWHATWHEREGHSVS_OPTION_BEFORE_HTML</option>
					<option value="after/html">PLG_SYSTEM_INSERTWHATWHEREGHSVS_OPTION_AFTER_HTML</option>
				</field>
			</fieldset>
		</fields>
	</config>
</extension>
